timeRec,position,clutchStatus
1.739914419924268723e+09
1.739914421925091982e+09
1.739914423925697803e+09
1.739914425926409960e+09
1.739914427927113771e+09
1.739914429927767515e+09
1.739914431928591967e+09
1.739914433929232836e+09
1.739914435929921865e+09
1.739914437930569649e+09
1.739914439931297302e+09
1.739914441931941986e+09
1.739914443932600737e+09
1.739914445933604002e+09
1.739914447934136391e+09
1.739914449934800148e+09
1.739914451935609579e+09
